{"cameraMode":{"drawMode":0,"name":"Shaded","section":"Shading Mode"},"sceneLighting":true,"audioPlay":false,"sceneViewState":{"m_AlwaysRefresh":false,"showFog":true,"showSkybox":true,"showFlares":true,"showImageEffects":true,"showParticleSystems":true,"showVisualEffectGraphs":true,"m_FxEnabled":true},"in2DMode":false,"pivot":{"x":95.73604583740235,"y":7.750247955322266,"z":-18.60824966430664},"rotation":{"x":-0.08857320249080658,"y":-0.047317635267972949,"z":0.005076136440038681,"w":-0.9952512979507446},"size":1.8568910360336304,"orthographic":false}